{"cameraMode":{"drawMode":0,"name":"Shaded","section":"Shading Mode"},"sceneLighting":false,"audioPlay":false,"sceneViewState":{"m_AlwaysRefresh":false,"showFog":true,"showSkybox":false,"showFlares":true,"showImageEffects":true,"showParticleSystems":true,"showVisualEffectGraphs":true,"m_FxEnabled":true},"in2DMode":false,"pivot":{"x":1.480772614479065,"y":-0.3909025192260742,"z":0.2604703903198242},"rotation":{"x":0.36642706394195559,"y":-0.026222197338938714,"z":0.010345946997404099,"w":0.9300566911697388},"size":2.3235421180725099,"orthographic":false}