{"cameraMode":{"drawMode":0,"name":"Shaded","section":"Shading Mode"},"sceneLighting":true,"audioPlay":false,"sceneViewState":{"m_AlwaysRefresh":false,"showFog":true,"showSkybox":true,"showFlares":true,"showImageEffects":true,"showParticleSystems":true,"showVisualEffectGraphs":true,"m_FxEnabled":true},"in2DMode":false,"pivot":{"x":-0.26295849680900576,"y":0.5249000787734985,"z":-1.445117473602295},"rotation":{"x":0.002889998024329543,"y":-0.9785091876983643,"z":0.20581142604351045,"w":0.013806338422000409},"size":1.4492835998535157,"orthographic":false}